sample	value	estimated_pH
Control	668.500000	5.128123
Control	660.200000	5.103907
Control	672.900000	5.141214
DrugA	314.700000	4.227325
DrugA	308.500000	4.207873
DrugA	320.100000	4.243922
DrugB	799.300000	5.675679
DrugB	805.100000	5.716401
DrugB	792.600000	5.632184
DrugC	195.800000	3.704902
DrugC	201.300000	3.742132
DrugC	188.400000	3.650298
