sample	mean	sd	n	estimated_pH
Control	667.200000	6.449031	3	5.124290
DrugA	314.433333	5.804596	3	4.226498
DrugB	799.000000	6.255398	3	5.673655
DrugC	195.166667	6.473278	3	3.700444
