parameter	value
y_min	127.580180
y_max	870.341010
pKa	4.700000
n	1.000000
R_squared	0.989455
