sample	mean	sd	n	estimated_pH
Control	1777.566667	65.334396	3	4.808892
DrugA	4036.666667	74.650675	3	3.910309
DrugB	611.566667	16.770907	3	5.519595
DrugC	3424.166667	38.884616	3	4.193583
