sample	value	estimated_pH
Control	1710.400000	4.836563
Control	1781.400000	4.807332
Control	1840.900000	4.783348
DrugA	4077.700000	3.887457
DrugA	4081.800000	3.885133
DrugA	3950.500000	3.956134
DrugB	610.600000	5.520693
DrugB	595.300000	5.538385
DrugB	628.800000	5.500396
DrugC	3466.100000	4.176523
DrugC	3417.100000	4.196435
DrugC	3389.300000	4.207598
