parameter	value
y_min	192.537226
y_max	5034.262532
pKa	4.496153
n	-1.000000
R_squared	0.999334
